{
  "distJT": 0.023933,
  "prijenosJT": 0.008175,
  "opskrbaJT": 0.037686,
  "ommJT": 1.043000,
  "nakOpskrbaJT": 0.053000,
  "distVT": 0.044446,
  "prijenosVT": 0.021256,
  "opskrbaVT": 0.097189,
  "distNT": 0.020514,
  "prijenosNT": 0.008175,
  "opskrbaNT": 0.047688,
  "ommDvot": 1.983000,
  "nakOpskrbaDvot": 0.982000,
  "distDIR": 0.037608,
  "prijenosDIR": 0.014716,
  "opskrbaDIR": 0.091324,
  "ommDIR": 1.983000,
  "nakOpskrbaDIR": 0.982000,
  "OIE": 0.013239,
  "solidarna": 0.003982,
  "PDV": 13,
  "prag": 3000,
  "uvecanje": 35
}
